step,Control,Moderate,Extreme
0,0.5135710566225833,0.5417426417414981,0.559823255960704
1,0.478975053528327,0.5295373913187651,0.5517227960214104
2,0.45258771036066753,0.523837656508758,0.5541770430430238
3,0.43277020524667487,0.5121850297079591,0.546143687620228
4,0.41466005944061063,0.4996306800231189,0.5448343307781136
5,0.3885325542494019,0.4929417315523155,0.5464700739482645
6,0.3539205680630343,0.47956838116279255,0.5448343307781136
7,0.3330570341922038,0.4656568909426281,0.5489811369926525
8,0.30776057058215645,0.45629800194549175,0.5437799515781332
9,0.29530788040252476,0.4499177576211973,0.5390243258847682
10,0.28849110505121456,0.4485143045124651,0.5258469635191674
11,0.28038524742624765,0.4485143045124651,0.5216038348370803
12,0.2707847164830066,0.4244940149393045,0.5158998097205341
13,0.2653464360477481,0.4124589727462183,0.5139632309485853
14,0.2535696824389577,0.4063185448637342,0.5087097317174207
15,0.24877573300064934,0.3973723902239912,0.49028791862557786
16,0.24513908079345165,0.3863897913922204,0.48340982317993764
17,0.24075804105106757,0.383282109716223,0.4731006051048891
18,0.24075804105106757,0.370402906248769,0.4688651635075274
19,0.2353109908279785,0.3598093682757566,0.46093283863934853
20,0.2300611407861503,0.35910572649353,0.44910962850778063
21,0.2300611407861503,0.35358754858708763,0.4435694695357921
22,0.22863719350693112,0.3475419716794332,0.4412004910502625
23,0.22838003745723817,0.3403180548012471,0.43135653543447694
24,0.22838003745723817,0.33869515238086756,0.424483464388793
25,0.22734198928139732,0.32915384451411817,0.41541283435515813
26,0.22734198928139732,0.32818124027712914,0.41110288408122425
27,0.22734198928139732,0.32915384451411817,0.40667777902971797
28,0.22734198928139732,0.32778387289925526,0.39587805103670304
29,0.22627886224773552,0.32778387289925526,0.3890050717424528
30,0.22627886224773552,0.3267014658896747,0.39587805103670304
31,0.22627886224773552,0.32502493023637924,0.3890050717424528
32,0.22627886224773552,0.32758821380076864,0.37727004493078187
33,0.2248382063322349,0.3221431046180555,0.37303671468340827
34,0.2248382063322349,0.3199404002933252,0.3683118378813057
35,0.2248382063322349,0.3199404002933252,0.36720662665652115
36,0.2248382063322349,0.31892461301361086,0.36361083839830133
37,0.2248382063322349,0.32064311812583846,0.3593698669810582
38,0.2248382063322349,0.31487742317078776,0.35691295808348666
39,0.2248382063322349,0.3226685387383292,0.3570751142066818
40,0.2248382063322349,0.32064311812583846,0.3537611875958646
41,0.2248382063322349,0.3175178870315174,0.3485497792591933
42,0.2248382063322349,0.3251539061199482,0.3485497792591933
43,0.2248382063322349,0.32630839893252384,0.347539945523341
44,0.2248382063322349,0.31559623218966576,0.3462090210356881
45,0.2248382063322349,0.32502493023637924,0.3353195907262182
46,0.2248382063322349,0.31449334207630525,0.3285680946534137
47,0.2248382063322349,0.3134319564297108,0.3204906463417549
48,0.2248382063322349,0.3168505747236651,0.3183508399767503
49,0.2248382063322349,0.32630839893252384,0.31133578069539325
50,0.2248382063322349,0.3217767096439743,0.309866003355699
51,0.2248382063322349,0.3226685387383292,0.30554279191544087
52,0.2248382063322349,0.3276911084996245,0.30299248570807547
53,0.2248382063322349,0.3267014658896747,0.2956635555862763
54,0.2248382063322349,0.32502493023637924,0.2956635555862763
55,0.2248382063322349,0.32758821380076864,0.2956635555862763
56,0.2248382063322349,0.32758821380076864,0.2947301204565499
57,0.2248382063322349,0.3293706229115184,0.2872513957984213
58,0.2248382063322349,0.32818124027712914,0.28616690591201843
59,0.2248382063322349,0.3226685387383292,0.2851993947230348
60,0.22471625393872913,0.3251539061199482,0.2807280923744199
61,0.22471625393872913,0.3275322706748928,0.2807280923744199
62,0.22471625393872913,0.32794271072398695,0.27881689078247596
63,0.22471625393872913,0.32380213025646504,0.2771398744937833
64,0.22471625393872913,0.32961594192682686,0.2743867539269774
65,0.22471625393872913,0.33069179755281397,0.2763056415715136
66,0.22471625393872913,0.3251539061199482,0.2758810138839968
67,0.22471625393872913,0.32778387289925526,0.2743867539269774
68,0.22471625393872913,0.3278867675981111,0.2743867539269774
69,0.22471625393872913,0.3251539061199482,0.2673232954678161
70,0.22471625393872913,0.32818124027712914,0.26456187282549065
71,0.22471625393872913,0.3267014658896747,0.26531653676603895
72,0.22471625393872913,0.3303385396539064,0.26456187282549065
73,0.22471625393872913,0.3271890109279689,0.26591108789106543
74,0.22471625393872913,0.3377960856294894,0.26239933953308936
75,0.22471625393872913,0.33125874008284295,0.2588387758253511
76,0.22471625393872913,0.3251539061199482,0.2579009742327662
77,0.22471625393872913,0.3344487204082875,0.2546831814976371
78,0.22471625393872913,0.3295711358341592,0.257586167548635
79,0.22471625393872913,0.33329603634619254,0.257586167548635
80,0.22471625393872913,0.32906285382477635,0.25175809272344074
81,0.22471625393872913,0.3348773009509964,0.250158477883083
82,0.22471625393872913,0.33147597692220376,0.250158477883083
83,0.22471625393872913,0.32818124027712914,0.25088823612919064
84,0.22471625393872913,0.3298538635247099,0.24559867941431596
85,0.22471625393872913,0.3376648055665369,0.24229611076063878
86,0.22471625393872913,0.3398305941513009,0.23990751534529342
87,0.22471625393872913,0.32758821380076864,0.23841047538122245
88,0.22471625393872913,0.33992542064741416,0.23489095217826053
89,0.22471625393872913,0.3310714405117282,0.2337865229047641
90,0.22471625393872913,0.33939916720399904,0.23489095217826053
91,0.22471625393872913,0.3344487204082875,0.2337865229047641
92,0.22471625393872913,0.3368102848807429,0.2337865229047641
93,0.22471625393872913,0.33125874008284295,0.2304992919441477
94,0.22471625393872913,0.3385679137775377,0.23132187474606308
95,0.22471625393872913,0.33992542064741416,0.2299901927247499
96,0.22471625393872913,0.3330708675971248,0.23132187474606308
97,0.22471625393872913,0.33615382004653654,0.23236869815081057
98,0.22471625393872913,0.33933631132068465,0.23132187474606308
99,0.22471625393872913,0.3454718148326192,0.23132187474606308
100,0.22471625393872913,0.3377650309986704,0.23236869815081057
101,0.22471625393872913,0.3319792469978145,0.23132187474606308
102,0.22471625393872913,0.3338405974536563,0.22893375138685051
103,0.22471625393872913,0.33465213220192863,0.22522666213332432
104,0.22471625393872913,0.33287554706339917,0.2233913250437309
105,0.22471625393872913,0.3338405974536563,0.2233913250437309
106,0.22471625393872913,0.3375609863654945,0.2233913250437309
107,0.22471625393872913,0.3295711358341592,0.22522666213332432
108,0.22471625393872913,0.3319792469978145,0.22522666213332432
109,0.22471625393872913,0.3330708675971248,0.22215489443239017
110,0.22471625393872913,0.33843724456930646,0.2211388101369917
111,0.22471625393872913,0.3360810554763132,0.21930289547210774
112,0.22471625393872913,0.33859492694873405,0.2186311259990188
113,0.22471625393872913,0.3377650309986704,0.21930289547210774
114,0.22471625393872913,0.3384690458218018,0.2186311259990188
115,0.22471625393872913,0.33125874008284295,0.2178064155618843
116,0.22471625393872913,0.34508566990917716,0.2186311259990188
117,0.22471625393872913,0.3400454596035877,0.2186311259990188
118,0.22471625393872913,0.3465834358898879,0.2178064155618843
119,0.22471625393872913,0.33173088396391515,0.2178064155618843
120,0.22471625393872913,0.3377960856294894,0.21610204763426677
121,0.22471625393872913,0.32758821380076864,0.21610204763426677
122,0.22471625393872913,0.3376648055665369,0.21610204763426677
123,0.22350593749307068,0.3375609863654945,0.21718016579347493
124,0.22350593749307068,0.33124976407662354,0.21718016579347493
125,0.22350593749307068,0.3400454596035877,0.21718016579347493
126,0.22350593749307068,0.33860032588475436,0.21610204763426677
127,0.22350593749307068,0.34619758192975436,0.21508262986948987
128,0.22350593749307068,0.3447393906144033,0.21508262986948987
129,0.22350593749307068,0.33348367001803036,0.21610204763426677
130,0.22350593749307068,0.33850010045262086,0.21610204763426677
131,0.22350593749307068,0.3512577508533614,0.21508262986948987
132,0.22350593749307068,0.3330708675971248,0.21504466266825478
133,0.22350593749307068,0.33615382004653654,0.21504466266825478
134,0.22350593749307068,0.3278267433539109,0.21504466266825478
135,0.22350593749307068,0.3288457989997914,0.21508262986948987
136,0.22350593749307068,0.3328310526831425,0.21433521192308544
137,0.22350593749307068,0.3328310526831425,0.21433521192308544
138,0.22350593749307068,0.3316632764933185,0.21322112013283176
139,0.22350593749307068,0.33951920616017256,0.21322112013283176
140,0.22350593749307068,0.3382864602129897,0.2127197434466912
141,0.22350593749307068,0.3447393906144033,0.2131498999868609
142,0.22350593749307068,0.3362844672699543,0.2131498999868609
143,0.22350593749307068,0.34235181349913346,0.2127197434466912
144,0.22350593749307068,0.3382864602129897,0.2127197434466912
145,0.22350593749307068,0.3377650309986704,0.2127197434466912
146,0.22350593749307068,0.33989840747621775,0.2127197434466912
147,0.22350593749307068,0.3319792469978145,0.2127197434466912
148,0.22350593749307068,0.33690242825476746,0.21238789407264164
149,0.22350593749307068,0.33287554706339917,0.2127197434466912
