Profile,Architecture,SuccessRate(%),n_success,n_total,CI95_low,CI95_high,MeanConvSteps,MedianConvSteps,StdConvSteps,MeanCumDose(Gy),StdCumDose(Gy)
Control,Decentralized M-PSO,64.8,324,500,60.5,68.9,5.8,3.5,7.6,0.0,0.0
Control,Centralized Swarm,56.6,283,500,52.2,60.9,14.5,12.0,11.7,0.0,0.0
Control,Canonical PSO,58.0,290,500,53.6,62.2,5.8,6.0,6.0,0.0,0.0
Moderate,Decentralized M-PSO,61.4,307,500,57.1,65.6,12.0,5.0,20.7,1145.0,98.8
Moderate,Centralized Swarm,31.8,159,500,27.9,36.0,24.8,18.0,22.5,1406.9,193.0
Moderate,Canonical PSO,40.8,204,500,36.6,45.2,6.7,1.0,13.9,2974.7,478.0
Extreme,Decentralized M-PSO,84.4,422,500,81.0,87.3,34.0,23.0,34.7,9503.5,754.6
Extreme,Centralized Swarm,1.4,7,500,0.7,2.9,28.0,0.0,33.7,12649.2,3484.3
Extreme,Canonical PSO,28.4,142,500,24.6,32.5,4.8,1.0,7.4,24774.1,5557.4
