r_comm(m),Architecture,SuccessRate(%),n_success,n_total,CI95_low,CI95_high,MeanConvSteps,MeanCumDose(Gy)
0.5,Decentralized M-PSO,86.2,431,500,82.9,88.9,38.9,8903.1
0.5,Centralized Swarm,1.6,8,500,0.8,3.1,0.0,11823.3
1.0,Decentralized M-PSO,84.4,422,500,81.0,87.3,33.3,9045.3
1.0,Centralized Swarm,0.6,3,500,0.2,1.7,0.0,12058.7
1.5,Decentralized M-PSO,88.4,442,500,85.3,90.9,34.7,9329.3
1.5,Centralized Swarm,0.8,4,500,0.3,2.0,22.2,12231.3
2.0,Decentralized M-PSO,85.6,428,500,82.3,88.4,32.4,9485.9
2.0,Centralized Swarm,1.0,5,500,0.4,2.3,0.0,12413.1
3.0,Decentralized M-PSO,82.8,414,500,79.2,85.9,31.5,9620.9
3.0,Centralized Swarm,1.2,6,500,0.6,2.6,0.0,12472.1
